{"schemaVersion":"1.0","appDefinitionTemplate":{"id":"/providers/Microsoft.PowerApps/apps/","type":"Microsoft.PowerApps/apps","tags":{"primaryDeviceWidth":"1366","primaryDeviceHeight":"768","sienaVersion":"20200916T105241Z-3.20091.26.0","deviceCapabilities":"","supportsPortrait":"false","supportsLandscape":"true","primaryFormFactor":"Tablet","publisherVersion":"3.20091.26","minimumRequiredApiVersion":"2.2.0","hasComponent":"false","hasUnlockedComponent":"false","isUnifiedRootApp":"false"},"properties":{"appVersion":"2020-09-16T10:52:41Z","lifeCycleId":"Published","createdByClientVersion":{"major":3,"minor":20091,"build":26,"revision":0,"majorRevision":0,"minorRevision":0},"minClientVersion":{"major":3,"minor":20091,"build":26,"revision":0,"majorRevision":0,"minorRevision":0},"backgroundColor":"rgba(253, 193, 2, 1)","backgroundImageUri":"/9677231009535046752/Nbde2d1a1-b0c6-4232-a742-48a6ab1726a8-logoSmallFile","displayName":"Computer Comparing Application","description":"","commitMessage":"","appUris":{"documentUri":{"value":"/9677231009535046752/N4109abd7-b9ff-4f83-b1c4-556ef1ff6561-document.msapp","readonlyValue":"/9677231009535046752/N4109abd7-b9ff-4f83-b1c4-556ef1ff6561-document.msapp"},"imageUris":[]},"createdTime":"0001-01-01T00:00:00Z","lastModifiedTime":"0001-01-01T00:00:00Z","sharedGroupsCount":0,"sharedUsersCount":0,"icons":{"smallIconUri":"/9677231009535046752/N43db1ee4-d047-4a41-b264-cbbd25956726-small.png","mediumIconUri":"/9677231009535046752/N69a7c4ab-085d-4f0e-89c8-2be104e26243-medium.png","largeIconUri":"/9677231009535046752/N70eb4e07-1657-4d4e-9dfd-d0f9c435d0a4-large.png","wideIconUri":"/9677231009535046752/Nfa55ef8c-9efb-4bba-a611-a780037a30b3-wide.png"},"connectionReferences":{},"databaseReferences":{},"almMode":"Environment","performanceOptimizationEnabled":true,"canConsumeAppPass":true},"isAppComponentLibrary":false,"appType":"ClassicCanvasApp","appComponents":[]}}